rsid,ref,alt,AFR,AMR,EAS,EUR,SAS,note
rs1426654,G,A,0.07,0.63,0.01,0.99,0.97,SLC24A5 skin pigmentation locus
rs16891982,C,G,0.04,0.38,0.03,0.94,0.38,SLC45A2 pigmentation
rs1800404,T,C,0.59,0.47,0.87,0.30,0.54,OCA2 pigmentation
rs3827760,C,A,0.01,0.28,0.74,0.01,0.11,EDAR hair morphology strong EAS marker
rs671,G,A,0.00,0.04,0.28,0.00,0.02,ALDH2 alcohol metabolism EAS-specific
rs4988235,C,T,0.12,0.34,0.01,0.78,0.31,LCT lactase persistence
rs2814778,C,T,0.03,0.39,0.99,0.99,0.98,DARC/ACKR1 malaria resistance AFR
rs1800562,G,A,0.02,0.04,0.01,0.07,0.03,HFE hemochromatosis EUR-enriched
rs805305,A,G,0.39,0.17,0.10,0.15,0.14,HERC2 eye colour
rs12913832,A,G,0.85,0.49,0.91,0.23,0.71,HERC2/OCA2 blue vs brown eye
rs1042602,C,A,0.04,0.35,0.03,0.54,0.28,TYR melanin synthesis
rs28777,A,C,0.87,0.53,0.95,0.35,0.65,SLC45A2 lighter skin
rs2476601,G,A,0.01,0.06,0.00,0.10,0.03,PTPN22 autoimmunity risk EUR
rs9264942,C,T,0.38,0.22,0.10,0.17,0.14,HLA region global freq diff
rs35205,G,C,0.11,0.08,0.05,0.07,0.06,global diff
rs4077515,A,G,0.18,0.13,0.01,0.14,0.10,CARD8
rs401681,T,C,0.36,0.44,0.26,0.53,0.44,CLPTM1L
rs11205551,G,A,0.08,0.15,0.02,0.22,0.12,EFR3B
rs7041,G,T,0.31,0.42,0.24,0.43,0.41,GC vitamin D binding protein
rs2282679,T,G,0.68,0.54,0.77,0.47,0.57,GC vitamin D binding protein
rs9340799,A,G,0.15,0.28,0.12,0.41,0.25,ESR1 estrogen receptor
rs2234693,C,T,0.52,0.43,0.44,0.49,0.51,ESR1
rs699,A,G,0.47,0.48,0.42,0.30,0.63,AGT angiotensinogen SAS-enriched
rs4343,A,G,0.42,0.48,0.45,0.46,0.56,ACE insertion/deletion proxy
rs8061518,T,C,0.10,0.17,0.05,0.26,0.12,FADS1 fatty acid desaturase
rs174537,G,T,0.66,0.56,0.68,0.37,0.58,FADS1 omega-3 metabolism
rs174546,C,T,0.34,0.44,0.32,0.63,0.42,FADS1
rs1535,A,G,0.35,0.46,0.28,0.66,0.48,FADS2
rs3211371,C,T,0.28,0.21,0.13,0.08,0.15,CYP3A5 metabolism
rs776746,G,A,0.26,0.17,0.12,0.07,0.13,CYP3A5*3 AFR enriched
rs4646903,A,C,0.13,0.14,0.11,0.06,0.09,CYP1A1
rs1048943,A,G,0.02,0.07,0.07,0.07,0.08,CYP1A1
rs2070959,A,G,0.31,0.25,0.24,0.11,0.18,UGT1A1
rs887829,T,C,0.29,0.21,0.27,0.10,0.19,UGT1A1
rs4148323,G,A,0.09,0.05,0.18,0.02,0.06,UGT1A1 Gilbert syndrome EAS
rs602662,G,A,0.65,0.55,0.88,0.48,0.72,FUT2 secretor status
rs601338,G,A,0.17,0.23,0.04,0.48,0.28,FUT2 Caucasian secretor
rs7412,C,T,0.03,0.05,0.09,0.08,0.04,APOE e2 allele tagging
rs429358,T,C,0.16,0.14,0.06,0.15,0.09,APOE e4 allele AFR-enriched
rs4073,T,A,0.49,0.44,0.30,0.36,0.45,IL8 inflammation
rs1800629,G,A,0.17,0.12,0.04,0.16,0.12,TNF-alpha
rs1800896,A,G,0.72,0.68,0.83,0.62,0.73,IL10 anti-inflammatory
rs1799724,C,T,0.04,0.04,0.03,0.22,0.08,TNF-beta EUR enriched
rs2395029,A,G,0.04,0.06,0.01,0.09,0.04,HLA-B*5701 abacavir hypersensitivity
rs1057910,A,C,0.06,0.08,0.05,0.07,0.12,CYP2C9*3 warfarin SAS enriched
rs1799853,C,T,0.02,0.06,0.01,0.12,0.03,CYP2C9*2 warfarin EUR
rs4244285,G,A,0.18,0.25,0.30,0.15,0.28,CYP2C19*2 EAS/SAS enriched
rs4986893,G,A,0.00,0.02,0.10,0.01,0.02,CYP2C19*3 EAS
rs73885319,G,A,0.22,0.02,0.00,0.00,0.00,APOL1 G1 allele AFR CKD risk
rs60910145,G,T,0.13,0.01,0.00,0.00,0.00,APOL1 G2 allele AFR CKD risk
rs2305160,T,C,0.11,0.08,0.25,0.07,0.17,EPHA4 EAS enriched
rs16960228,G,A,0.07,0.09,0.21,0.04,0.11,ALDH3B2
rs12203592,C,T,0.02,0.07,0.01,0.19,0.05,IRF4 pigmentation EUR
rs3803662,A,G,0.26,0.26,0.11,0.37,0.26,TOX3 breast cancer EUR-enriched
rs2981582,A,G,0.17,0.33,0.11,0.44,0.28,FGFR2 breast cancer EUR-enriched
rs889312,A,C,0.06,0.13,0.04,0.26,0.16,MAP3K1 breast cancer EUR
rs1333049,C,G,0.41,0.45,0.47,0.51,0.60,9p21 CAD risk SAS-enriched
rs10757278,G,A,0.37,0.42,0.45,0.49,0.57,9p21 CAD
rs562556,A,G,0.07,0.09,0.06,0.12,0.09,PCSK9
rs11591147,G,T,0.03,0.02,0.00,0.02,0.01,PCSK9 LOF protective AFR-enriched
rs7903146,C,T,0.27,0.24,0.04,0.31,0.26,TCF7L2 T2D strongest signal
rs5219,C,T,0.35,0.37,0.45,0.38,0.40,KCNJ11 T2D
rs13266634,C,T,0.25,0.35,0.52,0.35,0.39,SLC30A8 T2D EAS-enriched
rs7756992,A,G,0.16,0.26,0.25,0.27,0.30,CDKAL1 T2D
rs1111875,C,T,0.49,0.57,0.61,0.57,0.63,HHEX T2D
rs10946398,A,C,0.32,0.43,0.44,0.40,0.46,CDKN2A/B T2D
rs1552224,A,C,0.06,0.13,0.17,0.09,0.14,CENTD2 T2D SAS-enriched
rs8042680,A,C,0.32,0.32,0.27,0.25,0.38,PRC1 T2D AFR/SAS enriched
rs2237892,C,T,0.13,0.17,0.58,0.09,0.24,KCNQ1 T2D strong EAS signal
rs2237895,A,C,0.56,0.59,0.67,0.53,0.66,KCNQ1 EAS T2D
rs163184,G,T,0.50,0.55,0.63,0.45,0.56,KCNQ1 T2D
rs10010131,G,A,0.36,0.47,0.41,0.44,0.47,WFS1 T2D
